Kudos Date,Kudos Type,Parent ID
"Jul 8, 2013, 1:00:01 PM",Activity,65160287
"Jul 8, 2013, 1:10:39 PM",Activity,65443901
"Apr 14, 2014, 11:28:39 PM",Activity,130074027
"Apr 14, 2014, 11:29:02 PM",Activity,129581083
"Apr 14, 2014, 11:29:18 PM",Activity,129977847
"Jul 5, 2014, 12:26:14 AM",Activity,161688658
"Jul 22, 2014, 12:02:27 PM",Activity,169151429
"Jul 22, 2014, 12:02:40 PM",Activity,169090191
"Feb 22, 2015, 9:23:14 PM",Activity,258578373
"Mar 23, 2015, 12:30:35 AM",Activity,272521778
"Mar 23, 2015, 12:30:51 AM",Activity,272522742
"Mar 23, 2015, 1:03:22 PM",Activity,272610219
"Jun 6, 2015, 9:06:05 PM",Activity,319684972
"Jul 6, 2015, 1:10:32 PM",Activity,339853600
"Jul 12, 2015, 10:01:02 PM",Activity,344591942
"Jul 12, 2015, 10:20:04 PM",Activity,344714215
"Jul 14, 2015, 2:03:15 AM",Activity,345322144
"Jul 14, 2015, 2:06:29 AM",Activity,344083244
"Jul 20, 2015, 9:11:36 PM",Activity,349762659
"Jul 22, 2015, 12:03:13 PM",Activity,350960319
"Jul 26, 2015, 9:33:00 AM",Activity,353109827
"Jul 26, 2015, 8:24:46 PM",Activity,354770511
"Jul 30, 2015, 4:07:49 PM",Activity,357269371
"Jul 30, 2015, 4:08:01 PM",Activity,357252153
"Aug 1, 2015, 6:02:21 PM",Activity,358272914
"Aug 8, 2015, 5:51:36 PM",Activity,364318055
"Aug 8, 2015, 5:51:37 PM",Activity,364269471
"Aug 8, 2015, 6:02:48 PM",Activity,364242369
"Aug 9, 2015, 2:56:17 AM",Activity,364399764
"Sep 8, 2015, 3:59:07 AM",Activity,387056600
"Oct 2, 2015, 12:40:50 PM",Activity,404275031
"Oct 22, 2015, 10:25:33 AM",Activity,417417714
"Oct 23, 2015, 12:46:16 AM",Activity,418343630
"Oct 23, 2015, 12:46:32 AM",Activity,418348142
"Oct 23, 2015, 12:47:22 AM",Activity,418043465
"Oct 23, 2015, 12:48:25 AM",Activity,417986883
"Oct 23, 2015, 12:48:56 AM",Activity,418003781
"Oct 23, 2015, 12:49:18 AM",Activity,417993203
"Oct 23, 2015, 12:50:20 AM",Activity,417736098
"Oct 23, 2015, 12:50:26 AM",Activity,417721491
"Oct 23, 2015, 12:51:42 AM",Activity,417719887
"Oct 23, 2015, 12:51:44 AM",Activity,417738813
"Oct 23, 2015, 12:51:58 AM",Activity,417490531
"Oct 23, 2015, 12:52:58 AM",Activity,417179121
"Oct 23, 2015, 12:54:15 AM",Activity,417097423
"Oct 23, 2015, 12:56:02 AM",Activity,416450664
"Oct 27, 2015, 11:41:00 PM",Activity,421614856
"Oct 27, 2015, 11:44:18 PM",Activity,421275298
"Oct 27, 2015, 11:44:21 PM",Activity,421279214
"Oct 27, 2015, 11:44:28 PM",Activity,421255272
"Oct 27, 2015, 11:44:36 PM",Activity,421052064
"Oct 27, 2015, 11:44:55 PM",Activity,420971583
"Oct 27, 2015, 11:45:14 PM",Activity,420655061
"Oct 30, 2015, 1:03:32 PM",Activity,423003682
"Oct 30, 2015, 1:16:54 PM",Activity,422842022
"Oct 30, 2015, 1:17:06 PM",Activity,422588357
"Nov 9, 2015, 10:36:20 PM",Activity,429720178
"Nov 9, 2015, 10:37:08 PM",Activity,429517932
"Nov 9, 2015, 10:37:52 PM",Activity,429220421
"Nov 9, 2015, 10:38:44 PM",Activity,429228854
"Nov 9, 2015, 10:39:35 PM",Activity,429458640
"Nov 9, 2015, 10:40:28 PM",Activity,428272839
"Nov 15, 2015, 11:57:36 PM",Activity,433503431
"Nov 15, 2015, 11:57:55 PM",Activity,433463535
"Nov 15, 2015, 11:58:15 PM",Activity,433506432
"Nov 15, 2015, 11:58:16 PM",Activity,433506751
"Nov 15, 2015, 11:58:43 PM",Activity,433426061
"Nov 18, 2015, 2:38:14 AM",Activity,434412107
"Nov 18, 2015, 2:38:46 AM",Activity,434338063
"Nov 24, 2015, 1:29:18 AM",Activity,438151024
"Nov 24, 2015, 1:30:15 AM",Activity,437913296
"Nov 24, 2015, 1:33:04 AM",Activity,437643530
"Nov 24, 2015, 1:34:55 AM",Activity,437642515
"Nov 24, 2015, 1:35:30 AM",Activity,437584521
"Nov 24, 2015, 1:38:09 AM",Activity,437559800
"Nov 24, 2015, 1:38:14 AM",Activity,437563905
"Nov 24, 2015, 1:45:21 AM",Activity,430871308
"Nov 27, 2015, 12:13:04 PM",Activity,439771173
"Nov 27, 2015, 12:19:37 PM",Activity,439738421
"Nov 27, 2015, 12:19:56 PM",Activity,440009576
"Nov 27, 2015, 12:20:21 PM",Activity,439403977
"Nov 27, 2015, 12:21:17 PM",Activity,439359221
"Nov 27, 2015, 6:56:14 PM",Activity,440332418
"Nov 27, 2015, 6:59:28 PM",Activity,440316139
"Nov 27, 2015, 6:59:59 PM",Activity,440274101
"Nov 27, 2015, 7:00:26 PM",Activity,440254868
"Dec 6, 2015, 12:05:03 AM",Activity,444937691
"Dec 6, 2015, 12:05:21 AM",Activity,444914235
"Dec 6, 2015, 12:06:01 AM",Activity,444877132
"Dec 6, 2015, 12:06:46 AM",Activity,444857728
"Dec 6, 2015, 12:07:31 AM",Activity,444827030
"Dec 6, 2015, 12:08:29 AM",Activity,444756425
"Dec 6, 2015, 12:09:31 AM",Activity,444324489
"Dec 8, 2015, 2:21:41 PM",Activity,446543446
"Dec 12, 2015, 11:03:02 AM",Activity,448433005
"Dec 12, 2015, 11:03:32 AM",Activity,448381260
"Dec 12, 2015, 11:05:55 AM",Activity,448252123
"Dec 12, 2015, 11:07:40 AM",Activity,448048910
"Dec 12, 2015, 11:07:43 AM",Activity,448042730
"Dec 12, 2015, 11:07:51 AM",Activity,447990543
"Dec 12, 2015, 11:08:07 AM",Activity,447943753
"Dec 12, 2015, 10:44:37 PM",Activity,449071924
"Dec 12, 2015, 10:45:10 PM",Activity,448974530
"Dec 12, 2015, 10:45:28 PM",Activity,448977598
"Dec 12, 2015, 11:07:15 PM",Activity,449020157
"Dec 12, 2015, 11:07:41 PM",Activity,449013637
"Dec 13, 2015, 12:06:53 PM",Activity,449298228
"Dec 25, 2015, 7:29:47 PM",Activity,456134970
"Dec 25, 2015, 7:29:49 PM",Activity,456138576
"Dec 25, 2015, 11:33:40 PM",Activity,456230998
"Dec 25, 2015, 11:34:31 PM",Activity,456172422
"Dec 25, 2015, 11:34:49 PM",Activity,456172753
"Dec 25, 2015, 11:34:53 PM",Activity,456165852
"Dec 25, 2015, 11:34:59 PM",Activity,456102599
"Dec 25, 2015, 11:38:12 PM",Activity,456097668
"Dec 25, 2015, 11:38:13 PM",Activity,456098895
"Dec 25, 2015, 11:39:11 PM",Activity,456087313
"Dec 25, 2015, 11:39:37 PM",Activity,455802047
"Dec 25, 2015, 11:40:06 PM",Activity,455767262
"Dec 25, 2015, 11:40:15 PM",Activity,455726364
"Dec 25, 2015, 11:40:59 PM",Activity,455599752
"Dec 26, 2015, 2:06:40 PM",Activity,456139890
"Dec 27, 2015, 9:05:48 PM",Activity,457579342
"Dec 28, 2015, 2:16:16 AM",Activity,457570651
"Dec 28, 2015, 2:20:13 AM",Activity,457509594
"Dec 28, 2015, 2:21:31 AM",Activity,457592927
"Dec 28, 2015, 2:25:08 AM",Activity,457484034
"Dec 28, 2015, 2:25:29 AM",Activity,457461188
"Dec 28, 2015, 2:25:30 AM",Activity,457457909
"Jan 2, 2016, 11:03:04 PM",Activity,461647828
"Jan 2, 2016, 11:04:00 PM",Activity,461527111
"Jan 2, 2016, 11:05:48 PM",Activity,461505283
"Jan 2, 2016, 11:06:04 PM",Activity,461503956
"Jan 2, 2016, 11:09:04 PM",Activity,459559739
"Jan 13, 2016, 10:36:54 AM",Activity,469199298
"Jan 13, 2016, 10:37:02 AM",Activity,469172252
"Jan 13, 2016, 10:37:07 AM",Activity,469172314
"Jan 13, 2016, 10:38:12 AM",Activity,469093481
"Jan 13, 2016, 10:38:41 AM",Activity,469043194
"Jan 13, 2016, 10:39:13 AM",Activity,468906128
"Jan 13, 2016, 10:39:22 AM",Activity,469112613
"Jan 13, 2016, 10:39:32 AM",Activity,468889322
"Jan 13, 2016, 10:39:37 AM",Activity,468887163
"Jan 13, 2016, 10:40:01 AM",Activity,468791955
"Jan 13, 2016, 10:40:21 AM",Activity,468752682
"Jan 13, 2016, 10:40:35 AM",Activity,468738197
"Jan 13, 2016, 10:40:45 AM",Activity,468735979
"Jan 13, 2016, 10:41:01 AM",Activity,468927515
"Jan 13, 2016, 10:42:19 AM",Activity,468200241
"Jan 13, 2016, 10:42:50 AM",Activity,468159292
"Jan 13, 2016, 10:43:57 AM",Activity,467542127
"Jan 13, 2016, 10:46:12 AM",Activity,466819870
"Jan 13, 2016, 10:46:45 AM",Activity,466750255
"Jan 13, 2016, 10:47:08 AM",Activity,466708495
"Jan 13, 2016, 10:47:26 AM",Activity,466696274
"Jan 13, 2016, 10:49:58 AM",Activity,465741090
"Jan 15, 2016, 6:12:35 PM",Activity,470866608
"Jan 16, 2016, 1:22:50 AM",Activity,471113161
"Jan 16, 2016, 1:23:07 AM",Activity,471076329
"Jan 16, 2016, 1:23:10 AM",Activity,471071230
"Jan 16, 2016, 1:23:14 AM",Activity,471049492
"Jan 16, 2016, 1:23:33 AM",Activity,471025869
"Jan 16, 2016, 1:24:02 AM",Activity,470946604
"Jan 16, 2016, 1:25:08 AM",Activity,470841965
"Jan 16, 2016, 1:25:43 AM",Activity,470805337
"Jan 16, 2016, 1:27:10 AM",Activity,470579885
"Jan 16, 2016, 1:27:15 AM",Activity,470564866
"Jan 16, 2016, 1:27:23 AM",Activity,470569986
"Jan 16, 2016, 1:28:18 AM",Activity,470168258
"Jan 16, 2016, 1:28:21 AM",Activity,470160605
"Jan 16, 2016, 1:28:26 AM",Activity,470121446
"Jan 17, 2016, 3:08:21 PM",Activity,471848529
"Jan 17, 2016, 3:08:25 PM",Activity,472413010
"Jan 17, 2016, 3:08:28 PM",Activity,471895292
"Jan 18, 2016, 12:51:14 AM",Activity,472678914
"Jan 18, 2016, 1:46:48 PM",Activity,472819460
"Jan 18, 2016, 1:47:10 PM",Activity,472665210
"Jan 18, 2016, 1:47:12 PM",Activity,472677899
"Jan 18, 2016, 1:47:30 PM",Activity,472614343
"Jan 18, 2016, 1:47:34 PM",Activity,472696276
"Jan 18, 2016, 1:47:35 PM",Activity,472701123
"Jan 18, 2016, 1:48:02 PM",Activity,472609651
"Jan 18, 2016, 1:48:24 PM",Activity,472623844
"Jan 18, 2016, 1:49:05 PM",Activity,472563480
"Jan 18, 2016, 1:49:26 PM",Activity,472557801
"Jan 18, 2016, 1:49:45 PM",Activity,472808372
"Jan 18, 2016, 1:50:16 PM",Activity,472558326
"Jan 18, 2016, 1:50:24 PM",Activity,472532511
"Jan 18, 2016, 1:50:37 PM",Activity,472440121
"Jan 19, 2016, 2:11:39 AM",Activity,473232200
"Jan 23, 2016, 3:11:13 AM",Activity,475516859
"Jan 23, 2016, 2:02:36 PM",Activity,471730866
"Jan 23, 2016, 2:02:53 PM",Activity,476133100
"Jan 23, 2016, 2:03:00 PM",Activity,475360947
"Jan 25, 2016, 6:29:48 PM",Activity,478139139
"Jan 27, 2016, 2:49:33 PM",Activity,479566704
"Jan 27, 2016, 2:49:46 PM",Activity,479601609
"Jan 27, 2016, 2:49:55 PM",Activity,479534363
"Jan 27, 2016, 2:50:03 PM",Activity,479356436
"Jan 27, 2016, 2:50:11 PM",Activity,479349853
"Jan 28, 2016, 3:01:01 AM",Activity,480063538
"Jan 31, 2016, 11:18:36 AM",Activity,482255276
"Jan 31, 2016, 11:23:02 AM",Activity,482213377
"Jan 31, 2016, 11:23:11 AM",Activity,482234452
"Jan 31, 2016, 11:23:17 AM",Activity,482190154
"Jan 31, 2016, 11:24:55 AM",Activity,482106594
"Jan 31, 2016, 11:26:23 AM",Activity,477866935
"Jan 31, 2016, 11:29:26 AM",Activity,482131137
"Jan 31, 2016, 11:30:07 AM",Activity,482114572
"Jan 31, 2016, 11:31:14 AM",Activity,482072036
"Feb 1, 2016, 2:51:34 AM",Activity,483183763
"Feb 1, 2016, 2:52:03 AM",Activity,483128370
"Feb 1, 2016, 2:52:37 AM",Activity,483129845
"Feb 1, 2016, 2:52:43 AM",Activity,483121761
"Feb 1, 2016, 2:52:44 AM",Activity,483195039
"Feb 1, 2016, 2:53:02 AM",Activity,483215670
"Feb 1, 2016, 2:53:16 AM",Activity,483096801
"Feb 1, 2016, 2:53:24 AM",Activity,483076484
"Feb 1, 2016, 11:17:42 AM",Activity,483142936
"Feb 3, 2016, 11:54:17 AM",Activity,484715555
"Feb 3, 2016, 11:54:42 AM",Activity,484863929
"Feb 3, 2016, 11:55:19 AM",Activity,484652697
"Feb 3, 2016, 11:56:10 AM",Activity,484574738
"Feb 3, 2016, 11:56:11 AM",Activity,484595441
"Feb 3, 2016, 11:56:19 AM",Activity,484561039
"Feb 5, 2016, 10:03:31 AM",Activity,486149159
"Feb 5, 2016, 10:04:53 AM",Activity,486059218
"Feb 5, 2016, 10:05:26 AM",Activity,486020251
"Feb 5, 2016, 10:06:02 AM",Activity,485833029
"Feb 5, 2016, 10:07:49 AM",Activity,486166927
"Feb 5, 2016, 10:13:15 AM",Activity,485242785
"Feb 5, 2016, 10:13:33 AM",Activity,484939649
"Feb 14, 2016, 11:42:34 AM",Activity,492719491
"Feb 14, 2016, 11:44:13 AM",Activity,492099534
"Feb 20, 2016, 8:16:25 PM",Activity,498061844
"Feb 20, 2016, 8:17:18 PM",Activity,498047137
"Feb 20, 2016, 8:17:27 PM",Feed Entry,36416749
"Feb 21, 2016, 7:36:08 PM",Activity,499034221
"Feb 21, 2016, 7:36:25 PM",Activity,499107809
"Feb 21, 2016, 7:36:40 PM",Activity,499087940
"Feb 23, 2016, 12:32:06 AM",Activity,500034194
"Feb 23, 2016, 12:32:14 AM",Activity,500034195
"Feb 23, 2016, 12:33:07 AM",Activity,499901439
"Feb 23, 2016, 12:33:36 AM",Activity,499671744
"Feb 23, 2016, 12:34:41 AM",Activity,499353105
"Feb 23, 2016, 12:34:45 AM",Activity,499331770
"Mar 9, 2016, 2:19:46 PM",Activity,512469202
"Mar 9, 2016, 2:19:48 PM",Activity,512475256
"Mar 9, 2016, 2:20:00 PM",Activity,512460554
"Mar 9, 2016, 2:20:16 PM",Activity,512430060
"Mar 11, 2016, 4:03:22 PM",Activity,514027794
"Mar 11, 2016, 4:03:34 PM",Activity,513995072
"Mar 11, 2016, 4:03:46 PM",Activity,513989788
"Mar 12, 2016, 1:52:54 AM",Activity,514397414
"Mar 17, 2016, 5:06:20 PM",Activity,519475016
"Mar 17, 2016, 5:07:02 PM",Activity,519300081
"Mar 17, 2016, 5:07:32 PM",Activity,519280329
"Mar 18, 2016, 9:31:33 AM",Activity,519857975
"Mar 20, 2016, 7:27:42 PM",Activity,521117544
"Mar 20, 2016, 7:27:44 PM",Activity,521214526
"Mar 20, 2016, 7:27:50 PM",Activity,521178953
"Mar 20, 2016, 7:27:53 PM",Activity,521190267
"Mar 20, 2016, 7:29:29 PM",Activity,521159274
"Mar 20, 2016, 7:29:33 PM",Activity,521193240
"Mar 20, 2016, 7:31:40 PM",Activity,521242303
"Mar 23, 2016, 12:59:53 AM",Activity,524206311
"Mar 23, 2016, 1:00:38 AM",Activity,523769385
"Mar 23, 2016, 1:02:17 AM",Activity,522302195
"Mar 23, 2016, 1:02:22 AM",Activity,522442949
"Mar 23, 2016, 12:31:43 PM",Activity,523659679
"Mar 23, 2016, 12:32:04 PM",Activity,521278517
"Mar 23, 2016, 12:32:08 PM",Activity,522538291
"Mar 23, 2016, 12:32:17 PM",Activity,524323992
"Mar 23, 2016, 12:33:22 PM",Activity,520108284
"Mar 23, 2016, 12:33:30 PM",Activity,514839611
"Mar 23, 2016, 12:33:36 PM",Activity,514069384
"Mar 25, 2016, 1:27:55 AM",Activity,525870719
"Mar 25, 2016, 2:36:48 AM",Activity,525792801
"Mar 25, 2016, 2:37:11 AM",Activity,525819703
"Mar 25, 2016, 2:37:13 AM",Activity,525460626
"Mar 25, 2016, 2:37:34 AM",Activity,525874311
"Mar 27, 2016, 11:14:04 PM",Activity,528516722
"Mar 28, 2016, 12:22:12 PM",Activity,528614183
"Mar 28, 2016, 12:23:27 PM",Activity,528542846
"Mar 28, 2016, 12:25:02 PM",Activity,528600609
"Mar 28, 2016, 12:26:42 PM",Activity,528510167
"Mar 28, 2016, 12:27:11 PM",Activity,528500108
"Mar 28, 2016, 12:27:32 PM",Activity,528483578
"Mar 28, 2016, 12:28:52 PM",Activity,528418625
"Mar 28, 2016, 12:29:05 PM",Activity,528407529
"Mar 28, 2016, 12:29:13 PM",Activity,528449366
"Mar 28, 2016, 12:29:17 PM",Activity,528359945
"Mar 28, 2016, 12:29:22 PM",Activity,528358778
"Mar 28, 2016, 12:29:28 PM",Activity,528346311
"Mar 28, 2016, 12:29:43 PM",Activity,528342504
"Mar 28, 2016, 12:30:02 PM",Activity,528315858
"Mar 28, 2016, 12:31:10 PM",Activity,528286635
"Mar 28, 2016, 12:31:35 PM",Activity,528259504
"Mar 28, 2016, 12:31:46 PM",Activity,528224185
"Mar 28, 2016, 12:32:03 PM",Activity,528208947
"Mar 28, 2016, 12:32:13 PM",Activity,528195232
"Mar 28, 2016, 12:32:21 PM",Activity,528162920
"Mar 28, 2016, 12:32:28 PM",Activity,528144505
"Mar 28, 2016, 12:32:49 PM",Activity,528510542
"Mar 28, 2016, 12:33:17 PM",Activity,527624637
"Mar 28, 2016, 12:33:22 PM",Activity,527632674
"Mar 28, 2016, 12:33:25 PM",Activity,527604832
"Mar 28, 2016, 12:33:26 PM",Activity,527731518
"Mar 28, 2016, 12:33:28 PM",Activity,528135997
"Apr 1, 2016, 1:05:12 PM",Activity,532487726
"Apr 3, 2016, 12:19:50 AM",Activity,533880227
"Apr 3, 2016, 12:20:11 AM",Activity,533983277
"Apr 3, 2016, 12:24:16 AM",Activity,533942053
"Apr 3, 2016, 12:25:01 AM",Activity,533922366
"Apr 3, 2016, 12:26:12 AM",Activity,533777646
"Apr 3, 2016, 12:26:14 AM",Activity,534020695
"Apr 3, 2016, 12:26:20 AM",Activity,533738793
"Apr 3, 2016, 12:26:28 AM",Activity,533955600
"Apr 3, 2016, 12:26:36 AM",Activity,534001500
"Apr 3, 2016, 12:26:38 AM",Activity,533793167
"Apr 3, 2016, 12:26:57 AM",Activity,533696308
"Apr 3, 2016, 12:27:05 AM",Activity,533592944
"Apr 3, 2016, 12:27:33 AM",Activity,533569344
"Apr 3, 2016, 12:27:41 AM",Activity,533628108
"Apr 3, 2016, 12:27:44 AM",Activity,533560367
"Apr 3, 2016, 12:27:59 AM",Activity,533560417
"Apr 3, 2016, 12:29:10 AM",Activity,533681635
"Apr 3, 2016, 12:29:37 AM",Activity,533472826
"Apr 3, 2016, 12:30:18 AM",Activity,532963132
"Apr 9, 2016, 12:51:08 PM",Activity,539660493
"Apr 9, 2016, 12:52:20 PM",Activity,539660478
"Apr 9, 2016, 12:52:35 PM",Activity,539598149
"Apr 9, 2016, 12:52:56 PM",Activity,539661532
"Apr 9, 2016, 12:53:23 PM",Activity,539520763
"Apr 12, 2016, 8:53:05 AM",Activity,542826831
"Apr 12, 2016, 8:53:10 AM",Activity,542773152
"Apr 12, 2016, 8:53:19 AM",Activity,542696002
"Apr 12, 2016, 8:54:27 AM",Activity,542678479
"Apr 12, 2016, 8:54:59 AM",Activity,542633214
"Apr 12, 2016, 8:55:07 AM",Activity,542642625
"Apr 12, 2016, 8:55:25 AM",Activity,542731855
"Apr 12, 2016, 8:56:05 AM",Activity,542702288
"Apr 12, 2016, 8:56:45 AM",Activity,541813680
"Apr 12, 2016, 8:56:49 AM",Activity,541808543
"Apr 12, 2016, 8:56:50 AM",Activity,541814715
"Apr 12, 2016, 8:56:54 AM",Activity,541865193
"Apr 13, 2016, 2:26:04 AM",Activity,543766503
"Apr 13, 2016, 2:26:57 AM",Activity,543668657
"Apr 13, 2016, 2:27:59 AM",Activity,543708764
"Apr 13, 2016, 2:30:24 AM",Activity,543704486
"Apr 13, 2016, 2:33:42 AM",Activity,543685014
"Apr 13, 2016, 2:35:18 AM",Activity,543673216
"Apr 13, 2016, 2:36:48 AM",Activity,543056288
"Apr 14, 2016, 12:53:23 AM",Activity,544638006
"Apr 15, 2016, 11:03:15 PM",Activity,546362519
"Apr 15, 2016, 11:03:21 PM",Activity,546301436
"Apr 15, 2016, 11:03:48 PM",Activity,546006243
"Apr 15, 2016, 11:04:41 PM",Activity,546022327
"Apr 15, 2016, 11:04:52 PM",Activity,546059203
"Apr 15, 2016, 11:06:08 PM",Activity,545703382
"Apr 15, 2016, 11:06:25 PM",Activity,545676025
"Apr 20, 2016, 10:53:47 PM",Activity,551613272
"Apr 20, 2016, 10:55:32 PM",Activity,551309637
"Apr 20, 2016, 10:56:50 PM",Activity,551330044
"Apr 21, 2016, 11:09:24 AM",Activity,549754883
"Apr 25, 2016, 1:14:31 AM",Activity,555978284
"Apr 25, 2016, 1:14:43 AM",Activity,555977260
"Apr 25, 2016, 1:14:50 AM",Activity,555951566
"Apr 25, 2016, 1:15:14 AM",Activity,556009389
"Apr 25, 2016, 1:15:51 AM",Activity,555866471
"Apr 25, 2016, 1:15:57 AM",Activity,555861299
"Apr 25, 2016, 1:16:15 AM",Activity,555850451
"Apr 25, 2016, 1:16:16 AM",Activity,555837293
"Apr 25, 2016, 1:16:51 AM",Activity,555786620
"Apr 25, 2016, 1:17:34 AM",Activity,555771304
"Apr 25, 2016, 1:17:54 AM",Activity,555760965
"Apr 25, 2016, 1:18:00 AM",Activity,555761225
"Apr 25, 2016, 1:18:04 AM",Activity,556004937
"Apr 25, 2016, 1:19:11 AM",Activity,555719207
"Apr 25, 2016, 1:19:20 AM",Activity,555710462
"May 1, 2016, 4:04:39 PM",Activity,561329224
"May 1, 2016, 4:04:42 PM",Activity,561378324
"May 1, 2016, 4:04:45 PM",Activity,561333462
"May 1, 2016, 4:04:48 PM",Activity,561513135
"May 1, 2016, 4:43:56 PM",Activity,561277509
"May 1, 2016, 4:45:08 PM",Activity,561264526
"May 1, 2016, 4:45:14 PM",Activity,561931071
"May 2, 2016, 1:38:06 PM",Activity,563034945
"May 3, 2016, 12:46:38 PM",Activity,563651694
"May 3, 2016, 12:47:09 PM",Activity,563629279
"May 3, 2016, 12:47:32 PM",Activity,563588295
"May 3, 2016, 2:52:48 PM",Activity,563969955
"May 3, 2016, 3:11:45 PM",Activity,563480447
"May 8, 2016, 11:26:54 PM",Activity,570076105
"May 8, 2016, 11:26:56 PM",Activity,570082918
"May 8, 2016, 11:27:56 PM",Activity,570077049
"May 8, 2016, 11:28:20 PM",Activity,570050043
"May 8, 2016, 11:28:22 PM",Activity,570066067
"May 8, 2016, 11:29:02 PM",Activity,570028720
"May 8, 2016, 11:30:27 PM",Activity,570012730
"May 8, 2016, 11:30:42 PM",Activity,569897282
"May 8, 2016, 11:30:43 PM",Activity,569851636
"May 8, 2016, 11:30:49 PM",Activity,569844448
"May 8, 2016, 11:31:08 PM",Activity,569851646
"May 8, 2016, 11:33:07 PM",Activity,570111956
"May 8, 2016, 11:33:09 PM",Activity,569792868
"May 8, 2016, 11:33:31 PM",Activity,569863205
"May 9, 2016, 11:40:36 PM",Activity,571036914
"May 9, 2016, 11:40:51 PM",Activity,571050871
"May 9, 2016, 11:41:17 PM",Activity,570763592
"May 9, 2016, 11:41:35 PM",Activity,570533828
"May 9, 2016, 11:41:45 PM",Activity,570474151
"May 20, 2016, 3:03:53 PM",Activity,582138305
"May 20, 2016, 3:04:54 PM",Activity,582051910
"May 20, 2016, 3:05:12 PM",Activity,582030609
"May 20, 2016, 3:05:22 PM",Activity,582028833
"May 20, 2016, 3:26:08 PM",Activity,582093691
"May 20, 2016, 5:14:00 PM",Activity,576292881
"May 20, 2016, 5:16:51 PM",Activity,577057207
"May 20, 2016, 7:47:24 PM",Activity,582411677
"May 21, 2016, 12:33:45 PM",Activity,582590392
"May 21, 2016, 12:34:08 PM",Activity,582596055
"May 21, 2016, 12:34:27 PM",Activity,582562905
"May 21, 2016, 12:34:40 PM",Activity,582551302
"May 21, 2016, 12:34:48 PM",Activity,582559854
"May 21, 2016, 12:35:05 PM",Activity,582532934
"May 21, 2016, 12:35:13 PM",Activity,582516839
"May 21, 2016, 12:35:17 PM",Activity,582511158
"May 21, 2016, 2:53:36 PM",Activity,583131240
"May 21, 2016, 2:53:38 PM",Activity,583136360
"May 21, 2016, 2:55:59 PM",Activity,583126538
"May 21, 2016, 2:56:11 PM",Activity,583109506
"May 21, 2016, 2:56:57 PM",Activity,583059934
"May 21, 2016, 2:59:30 PM",Activity,581680410
"May 21, 2016, 3:02:18 PM",Activity,578496874
"May 23, 2016, 12:00:36 AM",Activity,584948841
"May 23, 2016, 12:01:19 AM",Activity,584629197
"May 23, 2016, 12:01:22 AM",Activity,584949692
"May 23, 2016, 12:02:05 AM",Activity,584921809
"May 23, 2016, 12:02:10 AM",Activity,584918695
"May 23, 2016, 12:02:38 AM",Activity,584903409
"May 23, 2016, 12:02:41 AM",Activity,584909410
"May 23, 2016, 12:03:41 AM",Activity,584858020
"May 23, 2016, 12:05:05 AM",Activity,584866851
"May 23, 2016, 12:05:39 AM",Activity,584799194
"May 23, 2016, 12:05:50 AM",Activity,584779158
"May 23, 2016, 12:10:50 AM",Activity,583573089
"May 23, 2016, 12:10:59 AM",Activity,584788665
"May 23, 2016, 12:11:13 AM",Activity,583543883
"May 23, 2016, 12:11:19 AM",Activity,583544747
"May 23, 2016, 12:11:52 AM",Activity,583272952
"May 23, 2016, 12:12:45 AM",Activity,583246637
"May 23, 2016, 12:12:58 AM",Activity,583229464
"May 23, 2016, 12:13:03 AM",Activity,583227656
"May 23, 2016, 4:40:01 PM",Activity,585483909
"May 24, 2016, 5:13:14 PM",Activity,582014062
"May 25, 2016, 3:13:15 AM",Activity,587056840
"May 27, 2016, 11:54:53 AM",Activity,589323299
"May 27, 2016, 11:55:50 AM",Activity,589292653
"May 27, 2016, 11:56:03 AM",Activity,589283489
"May 27, 2016, 11:56:33 AM",Activity,589267795
"May 27, 2016, 11:57:21 AM",Activity,589225313
"May 27, 2016, 6:43:24 PM",Activity,589700949
"May 30, 2016, 1:32:05 AM",Activity,592184726
"Jun 6, 2016, 12:44:47 PM",Activity,600384975
"Jun 6, 2016, 12:45:21 PM",Activity,600336617
"Jun 6, 2016, 12:45:29 PM",Activity,600327070
"Jun 6, 2016, 12:45:46 PM",Activity,599982985
"Jun 6, 2016, 12:45:50 PM",Activity,599929592
"Jun 6, 2016, 12:46:31 PM",Activity,600020440
"Jun 6, 2016, 12:46:39 PM",Activity,599653798
"Jun 6, 2016, 12:46:50 PM",Activity,599547838
"Jun 6, 2016, 12:47:04 PM",Activity,599529085
"Jun 6, 2016, 12:47:13 PM",Activity,599664454
"Jun 6, 2016, 12:47:38 PM",Activity,599457600
"Jun 8, 2016, 1:13:40 PM",Activity,602593705
"Jun 8, 2016, 4:09:08 PM",Activity,602172618
"Jun 10, 2016, 1:53:31 AM",Activity,604396736
"Jun 10, 2016, 2:04:22 AM",Activity,604364060
"Jun 10, 2016, 2:28:24 AM",Activity,603302701
"Jun 11, 2016, 5:27:04 PM",Activity,605111495
"Jun 11, 2016, 5:27:26 PM",Activity,605827719
"Jun 13, 2016, 9:44:36 PM",Activity,608438694
"Jun 13, 2016, 9:44:38 PM",Activity,608408780
"Jun 13, 2016, 9:44:49 PM",Activity,608433880
"Jun 13, 2016, 9:44:50 PM",Activity,608387678
"Jun 13, 2016, 9:44:59 PM",Activity,608331040
"Jun 17, 2016, 12:40:12 PM",Activity,611855461
"Jun 17, 2016, 12:40:18 PM",Activity,611841923
"Jun 17, 2016, 12:40:45 PM",Activity,611820930
"Jun 19, 2016, 8:37:49 PM",Activity,614537900
"Jun 19, 2016, 8:38:23 PM",Activity,614433035
"Jun 19, 2016, 8:38:36 PM",Activity,614407567
"Jun 19, 2016, 8:38:52 PM",Activity,614382110
"Jun 19, 2016, 8:38:59 PM",Activity,614369844
"Jun 19, 2016, 8:39:01 PM",Activity,614371623
"Jun 19, 2016, 8:39:12 PM",Activity,614335219
"Jun 19, 2016, 8:39:13 PM",Activity,614374104
"Jun 19, 2016, 8:40:49 PM",Activity,614601100
"Jun 19, 2016, 8:40:56 PM",Activity,614329684
"Jun 19, 2016, 8:41:11 PM",Activity,614294881
"Jun 19, 2016, 8:41:15 PM",Activity,614266620
"Jun 19, 2016, 8:41:28 PM",Activity,614268011
"Jun 19, 2016, 8:41:37 PM",Activity,614248205
"Jun 19, 2016, 8:42:12 PM",Activity,614142788
"Jun 19, 2016, 8:42:25 PM",Activity,614089631
"Jun 19, 2016, 8:42:29 PM",Activity,614106395
"Jun 19, 2016, 8:56:11 PM",Activity,613347367
"Jun 19, 2016, 8:57:37 PM",Activity,613346501
"Jun 19, 2016, 8:59:34 PM",Activity,613219059
"Jun 19, 2016, 8:59:56 PM",Activity,612235095
"Jun 19, 2016, 9:00:03 PM",Activity,612216168
"Jun 26, 2016, 5:32:29 PM",Activity,621738139
"Jun 26, 2016, 5:32:36 PM",Activity,621668283
"Jun 26, 2016, 5:34:23 PM",Activity,621761060
"Jun 26, 2016, 5:35:16 PM",Activity,621714395
"Jun 26, 2016, 5:35:31 PM",Activity,621681960
"Jun 26, 2016, 5:35:36 PM",Activity,621687646
"Jun 26, 2016, 5:35:46 PM",Activity,621698661
"Jun 26, 2016, 5:35:51 PM",Activity,621701845
"Jun 26, 2016, 5:35:57 PM",Activity,621731346
"Jun 26, 2016, 5:36:16 PM",Activity,621758485
"Jun 26, 2016, 5:36:33 PM",Activity,621678392
"Jun 26, 2016, 5:36:39 PM",Activity,621685667
"Jun 26, 2016, 5:36:54 PM",Activity,621694517
"Jun 26, 2016, 5:36:59 PM",Activity,621720617
"Jun 26, 2016, 5:37:04 PM",Activity,621712992
"Jun 26, 2016, 5:37:11 PM",Activity,621703260
"Jun 26, 2016, 5:37:31 PM",Activity,621621582
"Jun 26, 2016, 5:37:35 PM",Activity,621717392
"Jun 26, 2016, 5:37:40 PM",Activity,621659195
"Jun 26, 2016, 5:37:41 PM",Activity,621663124
"Jun 26, 2016, 5:37:48 PM",Activity,621678083
"Jun 26, 2016, 5:38:11 PM",Activity,620895762
"Jun 26, 2016, 5:38:52 PM",Activity,620870092
"Jun 26, 2016, 5:38:57 PM",Activity,620873283
"Jun 26, 2016, 5:38:58 PM",Activity,620877050
"Jun 29, 2016, 10:27:27 AM",Activity,624170619
"Jun 29, 2016, 10:27:31 AM",Activity,624159840
"Jun 29, 2016, 10:27:33 AM",Activity,624145542
"Jun 29, 2016, 10:27:36 AM",Activity,624135892
"Jul 1, 2016, 7:57:44 PM",Activity,626666501
"Jul 1, 2016, 7:57:56 PM",Activity,626612971
"Jul 1, 2016, 7:58:00 PM",Activity,626637747
"Jul 1, 2016, 7:58:13 PM",Activity,626622299
"Jul 3, 2016, 9:49:51 AM",Activity,628053395
"Jul 3, 2016, 9:50:48 AM",Activity,627967861
"Jul 3, 2016, 9:50:55 AM",Activity,627996480
"Jul 3, 2016, 9:51:09 AM",Activity,627992342
"Jul 3, 2016, 9:51:18 AM",Activity,627999149
"Jul 3, 2016, 9:51:25 AM",Activity,627991453
"Jul 3, 2016, 9:51:43 AM",Activity,627989757
"Jul 3, 2016, 9:52:10 AM",Activity,627972171
"Jul 3, 2016, 9:54:13 AM",Activity,627900075
"Jul 3, 2016, 9:55:40 AM",Activity,627877253
"Jul 3, 2016, 9:55:54 AM",Activity,628163812
"Jul 3, 2016, 9:56:25 AM",Activity,627878702
"Jul 3, 2016, 9:58:56 AM",Activity,627790884
"Jul 3, 2016, 9:59:02 AM",Activity,627847291
"Jul 3, 2016, 9:59:23 AM",Activity,627774874
"Jul 3, 2016, 9:59:39 AM",Activity,627725003
"Jul 3, 2016, 9:59:41 AM",Activity,627721937
"Jul 3, 2016, 9:59:43 AM",Activity,627743208
"Jul 3, 2016, 9:59:48 AM",Activity,627713038
"Jul 3, 2016, 9:59:55 AM",Activity,627768666
"Jul 3, 2016, 10:00:12 AM",Activity,627685284
"Jul 3, 2016, 10:00:29 AM",Activity,627635235
"Jul 3, 2016, 10:01:07 AM",Activity,627584581
"Jul 3, 2016, 10:01:12 AM",Activity,627519303
"Jul 3, 2016, 10:01:28 AM",Activity,627511051
"Jul 3, 2016, 10:01:45 AM",Activity,627471388
"Jul 3, 2016, 7:30:09 PM",Activity,629023050
"Jul 3, 2016, 7:38:10 PM",Activity,628996620
"Jul 3, 2016, 7:45:04 PM",Activity,629117053
"Jul 3, 2016, 7:50:02 PM",Activity,628928188
"Jul 3, 2016, 7:50:15 PM",Activity,629089497
"Jul 3, 2016, 7:50:18 PM",Activity,628915421
"Jul 3, 2016, 7:50:21 PM",Activity,628907377
"Jul 3, 2016, 7:50:24 PM",Activity,628971814
"Jul 3, 2016, 7:50:46 PM",Activity,629025749
"Jul 3, 2016, 7:50:52 PM",Activity,629040188
"Jul 3, 2016, 7:51:12 PM",Activity,629008285
"Jul 3, 2016, 7:52:26 PM",Activity,629012872
"Jul 3, 2016, 7:53:40 PM",Activity,628946363
"Jul 3, 2016, 7:53:46 PM",Activity,628871892
"Jul 3, 2016, 7:54:12 PM",Activity,628892850
"Jul 3, 2016, 7:54:16 PM",Activity,628939311
"Jul 3, 2016, 7:54:28 PM",Activity,628875538
"Jul 3, 2016, 7:54:32 PM",Activity,628858020
"Jul 3, 2016, 7:54:41 PM",Activity,628853719
"Jul 3, 2016, 7:54:45 PM",Activity,628839204
"Jul 3, 2016, 7:54:51 PM",Activity,628901031
"Jul 3, 2016, 7:55:08 PM",Activity,628951509
"Jul 3, 2016, 7:55:44 PM",Activity,628808219
"Jul 3, 2016, 7:55:46 PM",Activity,628817279
"Jul 3, 2016, 8:03:59 PM",Activity,628628884
"Jul 5, 2016, 12:43:13 PM",Activity,630724971
"Jul 5, 2016, 12:48:30 PM",Activity,630755461
"Jul 6, 2016, 2:50:47 AM",Activity,631494375
"Jul 6, 2016, 2:50:48 AM",Activity,631555245
"Jul 6, 2016, 2:50:51 AM",Activity,631545850
"Jul 6, 2016, 2:51:37 AM",Activity,631499613
"Jul 6, 2016, 2:51:41 AM",Activity,631567159
"Jul 6, 2016, 2:51:43 AM",Activity,631542234
"Jul 6, 2016, 3:00:21 AM",Activity,631555555
"Jul 6, 2016, 3:04:44 AM",Activity,631494027
"Jul 6, 2016, 3:05:29 AM",Activity,631575666
"Jul 6, 2016, 3:06:00 AM",Activity,631566030
"Jul 6, 2016, 3:31:30 AM",Activity,631386407
"Jul 6, 2016, 3:32:37 AM",Activity,631523603
"Jul 6, 2016, 3:32:44 AM",Activity,631307422
"Jul 6, 2016, 2:47:53 PM",Activity,631972884
"Jul 8, 2016, 1:41:11 AM",Activity,633720259
"Jul 8, 2016, 1:39:08 PM",Activity,634064903
"Jul 8, 2016, 1:39:10 PM",Activity,634066509
"Jul 8, 2016, 1:39:13 PM",Activity,634106544
"Jul 8, 2016, 1:39:29 PM",Activity,634039765
"Jul 8, 2016, 1:39:29 PM",Activity,634041863
"Jul 8, 2016, 1:39:32 PM",Activity,634039300
"Jul 8, 2016, 1:39:33 PM",Activity,634080808
"Jul 8, 2016, 1:39:41 PM",Activity,634098160
"Jul 8, 2016, 1:39:46 PM",Activity,634084587
"Jul 8, 2016, 1:39:48 PM",Activity,634058490
"Jul 8, 2016, 1:40:04 PM",Activity,634029615
"Jul 8, 2016, 1:40:09 PM",Activity,634022940
"Jul 9, 2016, 3:52:49 PM",Activity,635191984
"Jul 24, 2016, 3:18:29 PM",Activity,651868284
"Jul 26, 2016, 2:29:39 PM",Activity,654060598
"Jul 27, 2016, 12:41:53 PM",Activity,655128575
"Jul 27, 2016, 12:41:56 PM",Activity,655119120
"Jul 27, 2016, 12:42:42 PM",Activity,654837127
"Jul 27, 2016, 12:42:44 PM",Activity,654849283
"Jul 28, 2016, 12:47:53 PM",Activity,656271643
"Jul 28, 2016, 12:47:58 PM",Activity,656255388
"Jul 28, 2016, 12:48:03 PM",Activity,655948324
"Jul 28, 2016, 12:49:52 PM",Activity,655941431
"Jul 28, 2016, 12:50:00 PM",Activity,655920965
"Jul 28, 2016, 12:50:16 PM",Activity,655945415
"Jul 28, 2016, 12:50:21 PM",Activity,655939999
"Jul 28, 2016, 12:50:21 PM",Activity,655909291
"Jul 28, 2016, 12:50:29 PM",Activity,655921481
"Jul 28, 2016, 12:50:57 PM",Activity,655902021
"Jul 28, 2016, 12:51:02 PM",Activity,655896170
"Jul 28, 2016, 12:51:18 PM",Activity,655890135
"Jul 28, 2016, 12:51:43 PM",Activity,655881057
"Jul 28, 2016, 12:51:48 PM",Activity,655871428
"Jul 28, 2016, 12:51:53 PM",Activity,655866302
"Jul 28, 2016, 12:52:19 PM",Activity,655864277
"Jul 28, 2016, 12:53:12 PM",Activity,655830637
"Jul 28, 2016, 12:53:15 PM",Activity,656216827
"Jul 28, 2016, 12:53:24 PM",Activity,655817034
"Jul 28, 2016, 12:53:27 PM",Activity,655833914
"Jul 28, 2016, 12:53:58 PM",Activity,655779093
"Jul 28, 2016, 12:54:12 PM",Activity,655809451
"Jul 28, 2016, 12:55:17 PM",Activity,655527440
"Jul 28, 2016, 12:55:22 PM",Activity,655251292
"Jul 28, 2016, 12:55:30 PM",Activity,655262614
"Jul 29, 2016, 12:38:57 PM",Activity,657314023
"Jul 30, 2016, 9:43:15 PM",Activity,656601610
"Jul 30, 2016, 9:46:52 PM",Activity,657393319
"Jul 30, 2016, 9:46:53 PM",Activity,658689340
"Aug 2, 2016, 1:32:04 AM",Activity,660994120
"Aug 2, 2016, 1:32:16 AM",Activity,660879094
"Aug 2, 2016, 1:32:24 AM",Activity,660799579
"Aug 3, 2016, 12:37:21 AM",Activity,662580394
"Aug 3, 2016, 1:02:45 PM",Activity,663057555
"Aug 3, 2016, 6:21:59 PM",Activity,663027840
"Aug 4, 2016, 1:18:09 AM",Activity,663758989
"Aug 4, 2016, 1:18:18 AM",Activity,663757862
"Aug 4, 2016, 1:18:23 AM",Activity,663752823
"Aug 4, 2016, 1:19:39 AM",Activity,663717406
"Aug 4, 2016, 1:19:44 AM",Activity,663735912
"Aug 4, 2016, 1:23:38 AM",Activity,663386840
"Aug 4, 2016, 1:26:07 AM",Activity,663172928
"Aug 4, 2016, 1:30:00 AM",Activity,663771754
"Aug 4, 2016, 1:36:27 AM",Activity,662562865
"Aug 4, 2016, 1:49:23 AM",Activity,663057082
"Aug 4, 2016, 1:52:21 AM",Activity,663788618
"Aug 6, 2016, 12:24:46 AM",Activity,665755655
"Aug 6, 2016, 12:31:56 AM",Activity,665850356
"Aug 6, 2016, 12:32:02 AM",Activity,665835554
"Aug 6, 2016, 12:32:11 AM",Activity,665878242
"Aug 6, 2016, 12:32:45 AM",Activity,665839419
"Aug 6, 2016, 12:33:37 AM",Activity,665799005
"Aug 6, 2016, 12:34:37 AM",Activity,665760135
"Aug 6, 2016, 12:36:42 AM",Activity,665583663
"Aug 6, 2016, 12:36:50 AM",Activity,665602389
"Aug 6, 2016, 12:37:22 AM",Activity,665627088
"Aug 6, 2016, 12:37:29 AM",Activity,665525355
"Aug 6, 2016, 12:39:16 AM",Activity,665372429
"Aug 6, 2016, 12:39:27 AM",Activity,665372918
"Aug 6, 2016, 12:39:31 AM",Activity,665317224
"Aug 6, 2016, 12:39:38 AM",Activity,665320158
"Aug 6, 2016, 12:39:43 AM",Activity,665321573
"Aug 6, 2016, 12:39:47 AM",Activity,665315990
"Aug 6, 2016, 12:39:55 AM",Activity,665327019
"Aug 6, 2016, 12:39:59 AM",Activity,665277821
"Aug 6, 2016, 12:40:13 AM",Activity,665347281
"Aug 6, 2016, 12:41:00 AM",Activity,665310646
"Aug 6, 2016, 12:41:57 AM",Activity,664966524
"Aug 6, 2016, 10:51:36 AM",Activity,665939045
"Aug 6, 2016, 10:52:18 AM",Activity,665802413
"Aug 6, 2016, 10:43:00 PM",Activity,664586949
"Aug 9, 2016, 10:08:09 AM",Activity,669526927
"Aug 9, 2016, 10:08:32 AM",Activity,669475104
"Aug 9, 2016, 10:08:35 AM",Activity,669465357
"Aug 9, 2016, 10:08:44 AM",Activity,669456602
"Aug 9, 2016, 10:08:50 AM",Activity,669464673
"Aug 9, 2016, 10:09:00 AM",Activity,669438013
"Aug 9, 2016, 10:09:39 AM",Activity,669437330
"Aug 10, 2016, 2:03:37 AM",Activity,670744896
"Aug 10, 2016, 2:32:05 AM",Activity,670708441
"Aug 10, 2016, 2:32:10 AM",Activity,670670853
"Aug 10, 2016, 2:32:16 AM",Activity,670672235
"Aug 10, 2016, 2:32:21 AM",Activity,670734898
"Aug 11, 2016, 1:06:34 AM",Activity,671809422
"Aug 11, 2016, 1:06:42 AM",Activity,671805189
"Aug 11, 2016, 1:06:50 AM",Activity,671790066
"Aug 11, 2016, 1:07:54 AM",Activity,671765636
"Aug 11, 2016, 1:08:15 AM",Activity,671752097
"Aug 11, 2016, 1:08:52 AM",Activity,671682457
"Aug 11, 2016, 1:08:57 AM",Activity,671679068
"Aug 11, 2016, 1:09:17 AM",Activity,671434651
"Aug 11, 2016, 1:09:31 AM",Activity,671334808
"Aug 11, 2016, 1:09:43 AM",Activity,671291006
"Aug 11, 2016, 1:10:01 AM",Activity,671187573
"Aug 11, 2016, 1:10:50 AM",Activity,671194203
"Aug 11, 2016, 1:11:01 AM",Activity,671653169
"Aug 11, 2016, 1:11:43 AM",Activity,671137658
"Aug 11, 2016, 1:12:54 AM",Activity,671132566
"Aug 11, 2016, 1:13:42 AM",Activity,671115493
"Aug 11, 2016, 1:13:54 AM",Activity,671091642
"Aug 11, 2016, 1:14:21 AM",Activity,671090396
"Aug 12, 2016, 6:53:27 PM",Activity,673646955
"Aug 26, 2016, 1:36:04 AM",Activity,688470783
"Aug 26, 2016, 1:36:29 AM",Activity,689124021
"Aug 31, 2016, 9:56:00 AM",Activity,695145243
"Aug 31, 2016, 9:56:12 AM",Activity,694987655
"Aug 31, 2016, 9:56:35 AM",Activity,695029402
"Aug 31, 2016, 9:56:47 AM",Activity,695075346
"Sep 5, 2016, 1:11:15 PM",Activity,700936747
"Sep 5, 2016, 1:11:22 PM",Activity,700871347
"Sep 5, 2016, 1:12:03 PM",Activity,700785816
"Sep 5, 2016, 8:44:07 PM",Activity,701700118
"Sep 5, 2016, 8:44:14 PM",Activity,701644287
"Sep 6, 2016, 9:46:36 AM",Activity,702058477
"Sep 6, 2016, 9:46:52 AM",Activity,702069985
"Sep 6, 2016, 9:47:07 AM",Activity,702002930
"Sep 6, 2016, 9:47:17 AM",Activity,701951001
"Sep 6, 2016, 9:48:08 AM",Activity,701873994
"Sep 6, 2016, 9:48:13 AM",Activity,701982742
"Sep 6, 2016, 9:49:00 AM",Activity,701838728
"Sep 18, 2016, 10:24:27 PM",Activity,717235482
"Sep 18, 2016, 10:25:14 PM",Activity,716956820
"Oct 4, 2016, 11:11:28 AM",Activity,733652138
"Oct 4, 2016, 11:12:02 AM",Activity,733576991
"Oct 4, 2016, 11:14:06 AM",Activity,733034713
"Oct 13, 2016, 1:24:36 AM",Activity,742981528
"Oct 30, 2016, 4:19:52 PM",Activity,760713199
"Nov 8, 2016, 2:53:24 AM",Activity,769132591
"Nov 8, 2016, 2:53:38 AM",Activity,768002813
"Nov 8, 2016, 2:53:52 AM",Activity,766784950
"Nov 8, 2016, 2:54:12 AM",Activity,765948306
"Nov 13, 2016, 12:21:17 AM",Activity,773661356
"Nov 13, 2016, 12:25:21 AM",Activity,773451310
"Nov 13, 2016, 12:25:25 AM",Activity,773453790
"Nov 13, 2016, 12:28:35 AM",Activity,773602692
"Nov 17, 2016, 2:11:26 AM",Activity,777467238
"Nov 17, 2016, 2:11:59 AM",Activity,777244210
"Nov 17, 2016, 2:12:31 AM",Activity,777073493
"Nov 17, 2016, 2:12:41 AM",Activity,777093389
"Nov 17, 2016, 2:12:42 AM",Activity,777092940
"Nov 17, 2016, 2:13:07 AM",Activity,777072527
"Nov 27, 2016, 10:48:36 AM",Activity,786505772
"Nov 27, 2016, 10:49:01 AM",Activity,786191235
"Nov 27, 2016, 10:53:40 AM",Activity,786428611
"Nov 27, 2016, 10:53:47 AM",Activity,786288036
"Nov 27, 2016, 10:53:53 AM",Activity,786283930
"Nov 27, 2016, 10:54:15 AM",Activity,786416669
"Nov 27, 2016, 10:54:26 AM",Activity,786394289
"Nov 27, 2016, 10:54:43 AM",Activity,786385841
"Nov 27, 2016, 10:54:50 AM",Activity,786371328
"Nov 27, 2016, 10:55:18 AM",Activity,786358839
"Nov 27, 2016, 10:55:29 AM",Activity,786313865
"Nov 27, 2016, 10:55:34 AM",Activity,786587609
"Nov 27, 2016, 10:55:44 AM",Activity,786306699
"Nov 27, 2016, 10:55:46 AM",Activity,786320271
"Nov 27, 2016, 10:55:53 AM",Activity,786283355
"Nov 27, 2016, 10:56:09 AM",Activity,786319018
"Nov 27, 2016, 10:57:35 AM",Activity,786149336
"Nov 27, 2016, 10:57:39 AM",Activity,786032602
"Nov 27, 2016, 10:59:17 AM",Activity,786092151
"Nov 27, 2016, 11:00:21 AM",Activity,785426113
"Nov 27, 2016, 11:00:35 AM",Activity,785434770
"Nov 27, 2016, 11:00:51 AM",Activity,785542078
"Nov 27, 2016, 11:01:06 AM",Activity,785402779
"Nov 27, 2016, 11:02:07 AM",Activity,785310042
"Nov 27, 2016, 11:02:29 AM",Activity,785239677
"Nov 28, 2016, 2:58:11 PM",Activity,788007806
"Dec 4, 2016, 8:17:31 PM",Activity,793722571
"Feb 13, 2017, 12:13:38 AM",Activity,863132505
"Feb 20, 2017, 7:26:38 PM",Activity,873688671
"Feb 20, 2017, 7:32:36 PM",Activity,872395437
"Feb 20, 2017, 7:32:40 PM",Activity,872801210
"Feb 20, 2017, 7:32:52 PM",Activity,872427478
"Feb 20, 2017, 7:32:59 PM",Activity,871424481
"Feb 20, 2017, 7:33:03 PM",Activity,871459490
"Feb 20, 2017, 7:33:49 PM",Activity,873309790
"Feb 20, 2017, 7:33:50 PM",Activity,873307354
"May 15, 2017, 8:07:49 PM",Activity,987452841
"Jun 4, 2017, 11:17:25 PM",Activity,1021141723
"Jun 4, 2017, 11:17:42 PM",Activity,1020958377
"Jun 25, 2017, 8:57:30 PM",Activity,1054150507
"Jun 25, 2017, 8:58:11 PM",Post,588431
"Jul 4, 2017, 10:12:47 PM",Activity,1067893045
"Jul 7, 2017, 1:07:49 PM",Activity,1069629478
"Jul 7, 2017, 1:08:35 PM",Activity,1067377081
"Jul 13, 2017, 3:20:07 PM",Activity,1081387554
"Jul 13, 2017, 3:20:36 PM",Activity,1080645463
"Jul 13, 2017, 3:20:54 PM",Activity,1080668143
"Jul 19, 2017, 12:17:00 PM",Activity,1090467873
"Jul 19, 2017, 12:17:55 PM",Activity,1090510406
"Jul 19, 2017, 12:28:55 PM",Activity,1089598636
"Jul 22, 2017, 11:46:32 AM",Activity,1094922413
"Feb 20, 2018, 6:55:12 PM",Activity,1417026481
"Feb 20, 2018, 6:55:42 PM",Activity,1417124532
"May 7, 2018, 9:19:03 AM",Activity,1554222722
"May 7, 2018, 9:30:23 AM",Activity,1555239678
"May 7, 2018, 9:30:36 AM",Activity,1554888325
"May 7, 2018, 9:30:46 AM",Activity,1554714832
"May 7, 2018, 9:31:25 AM",Activity,1554669112
"May 7, 2018, 9:32:34 AM",Activity,1554550828
"May 7, 2018, 9:32:38 AM",Activity,1554550867
"May 7, 2018, 9:32:49 AM",Activity,1554499658
"May 7, 2018, 9:32:51 AM",Activity,1554463299
"May 7, 2018, 9:33:49 AM",Activity,1554416605
"May 7, 2018, 9:33:50 AM",Activity,1554363924
"May 7, 2018, 9:34:54 AM",Activity,1554163487
"May 7, 2018, 9:35:26 AM",Activity,1553986099
"May 7, 2018, 9:37:40 AM",Activity,1553672475
"May 7, 2018, 9:37:48 AM",Activity,1553625764
"May 7, 2018, 9:38:22 AM",Activity,1552555837
"May 7, 2018, 9:39:27 AM",Activity,1552161721
"May 7, 2018, 9:39:32 AM",Activity,1552338614
"May 7, 2018, 9:40:06 AM",Activity,1552058213
"May 30, 2018, 2:29:16 AM",Activity,1604876473
"May 30, 2018, 2:29:21 AM",Activity,1604896039
"Jun 1, 2018, 1:38:01 AM",Activity,1609194550
"Jun 6, 2018, 1:45:23 AM",Activity,1619970740
"Jun 6, 2018, 1:59:31 AM",Activity,1619421710
"Jun 6, 2018, 2:01:10 AM",Activity,1619389471
"Jun 6, 2018, 2:02:15 AM",Activity,1618459509
"Jun 6, 2018, 2:02:26 AM",Activity,1619580034
"Jun 6, 2018, 2:04:26 AM",Activity,1617837466
"Jun 10, 2018, 7:30:01 PM",Activity,1630492801
"Jun 10, 2018, 7:30:08 PM",Activity,1630491351
"Jun 10, 2018, 7:44:02 PM",Activity,1630304029
"Jun 10, 2018, 7:44:14 PM",Activity,1630245245
"Jun 10, 2018, 7:44:44 PM",Activity,1630190507
"Jun 10, 2018, 7:44:55 PM",Activity,1630180652
"Jun 10, 2018, 7:46:32 PM",Activity,1630165883
"Jun 10, 2018, 7:46:33 PM",Activity,1630093438
"Jun 10, 2018, 7:46:59 PM",Activity,1630170765
"Jun 10, 2018, 7:48:17 PM",Activity,1629880400
"Jun 10, 2018, 7:49:12 PM",Activity,1629471279
"Jun 13, 2018, 9:56:38 AM",Activity,1635005733
"Jun 13, 2018, 10:00:46 AM",Activity,1635147824
"Jun 13, 2018, 10:00:54 AM",Activity,1635147812
"Jul 8, 2018, 6:55:57 PM",Activity,1689137348
"Jul 13, 2018, 9:46:42 AM",Activity,1690258998
"Jul 13, 2018, 9:51:39 AM",Activity,1698764509
"Aug 27, 2018, 12:53:37 AM",Activity,1799772361
"Sep 5, 2018, 12:42:58 AM",Activity,1819941456
"Dec 29, 2018, 5:19:40 PM",Activity,2042589792
"Jan 20, 2019, 7:27:37 PM",Activity,1824036620
"Feb 5, 2019, 4:17:21 PM",Activity,2125753530
"Feb 5, 2019, 4:17:23 PM",Activity,2125827007
"Mar 2, 2019, 4:35:51 PM",Activity,2186364547
"Mar 2, 2019, 4:36:23 PM",Activity,2186033115
"Mar 2, 2019, 4:36:24 PM",Activity,2186302920
"Mar 2, 2019, 4:36:26 PM",Activity,2185987461
"Mar 2, 2019, 4:37:16 PM",Activity,2184810472
"Mar 2, 2019, 4:37:30 PM",Activity,2184734066
"Mar 2, 2019, 4:38:02 PM",Activity,2184433852
"Mar 2, 2019, 4:38:29 PM",Activity,2184292028
"Mar 2, 2019, 4:38:38 PM",Activity,2184242451
"Mar 2, 2019, 4:39:42 PM",Activity,2183703926
"Mar 2, 2019, 4:39:57 PM",Activity,2183682880
"Mar 2, 2019, 4:40:08 PM",Activity,2183587812
"Mar 2, 2019, 4:40:25 PM",Activity,2183559127
"Mar 2, 2019, 4:40:37 PM",Activity,2183402196
"Mar 22, 2019, 5:07:39 PM",Activity,2231538790
"Apr 12, 2019, 11:32:37 PM",Activity,2284257671
"Apr 19, 2019, 4:59:43 PM",Activity,2301754091
"Apr 21, 2019, 7:37:14 PM",Activity,2308148909
"May 24, 2019, 1:01:56 PM",Activity,2386862628
"May 24, 2019, 1:04:22 PM",Activity,2393184199
"Aug 27, 2019, 7:44:53 PM",Activity,2656336291
"Aug 27, 2019, 7:44:58 PM",Activity,2656290358
"Aug 27, 2019, 7:53:49 PM",Activity,2656818481
"Aug 27, 2019, 7:56:14 PM",Activity,2653620123
"Aug 27, 2019, 7:56:27 PM",Activity,2653823574
"Apr 4, 2020, 12:25:58 PM",Activity,3250392875
"Apr 5, 2020, 12:55:09 PM",Activity,3253775283
"Apr 5, 2020, 12:59:12 PM",Activity,3256019146
"Apr 5, 2020, 12:59:24 PM",Activity,3254248166
"Apr 5, 2020, 1:00:03 PM",Activity,3253937405
"Apr 5, 2020, 1:00:22 PM",Activity,3255730078
"Apr 5, 2020, 1:00:25 PM",Activity,3255446190
"Apr 5, 2020, 1:00:33 PM",Activity,3256056442
"Apr 5, 2020, 1:00:53 PM",Activity,3255698484
"Apr 5, 2020, 1:01:00 PM",Activity,3255655957
"Apr 5, 2020, 1:01:23 PM",Activity,3254826607
"Apr 5, 2020, 1:01:45 PM",Activity,3255907747
"Apr 5, 2020, 1:01:58 PM",Activity,3255625172
"Apr 5, 2020, 1:02:00 PM",Activity,3255612376
"Apr 5, 2020, 1:02:25 PM",Activity,3255479482
"Apr 5, 2020, 1:02:40 PM",Activity,3253798408
"Apr 5, 2020, 1:04:38 PM",Activity,3254094158
"Apr 5, 2020, 1:04:41 PM",Activity,3255902594
"Apr 5, 2020, 1:04:46 PM",Activity,3255368938
"Apr 5, 2020, 1:05:20 PM",Activity,3254904841
"Apr 5, 2020, 1:05:36 PM",Activity,3255690854
"Apr 5, 2020, 1:05:39 PM",Activity,3255066590
"Apr 5, 2020, 1:05:57 PM",Activity,3255196455
"Apr 5, 2020, 1:06:01 PM",Activity,3255567123
"Apr 5, 2020, 1:06:07 PM",Activity,3254210256
"Apr 5, 2020, 1:06:14 PM",Activity,3255847582
"Apr 5, 2020, 1:06:24 PM",Activity,3257400355
"Apr 5, 2020, 1:06:28 PM",Activity,3253769169
"Apr 5, 2020, 1:18:40 PM",Activity,3257463771
"Apr 5, 2020, 1:19:22 PM",Activity,3255797225
"Apr 5, 2020, 1:19:25 PM",Activity,3256001761
"Apr 5, 2020, 1:19:41 PM",Activity,3255823515
"Apr 5, 2020, 1:19:47 PM",Activity,3255845419
"Apr 5, 2020, 1:19:59 PM",Activity,3254812267
"Apr 5, 2020, 1:20:04 PM",Activity,3255581995
"Apr 5, 2020, 1:20:14 PM",Activity,3254106660
"Apr 5, 2020, 1:20:18 PM",Activity,3255491006
"Apr 5, 2020, 1:20:40 PM",Activity,3255413390
"Apr 5, 2020, 1:20:45 PM",Activity,3255378075
"Apr 5, 2020, 1:20:59 PM",Activity,3255115794
"Apr 5, 2020, 1:21:14 PM",Activity,3255486994
"Apr 15, 2020, 3:34:50 AM",Activity,3271141377
"Apr 15, 2020, 3:34:57 AM",Activity,3295605793
"Apr 15, 2020, 3:35:07 AM",Activity,3285099934
"Apr 15, 2020, 3:41:13 AM",Activity,3298309510
"Apr 15, 2020, 3:41:16 AM",Activity,3298432119
"Apr 15, 2020, 3:42:29 AM",Activity,3299122887
"Apr 15, 2020, 3:42:42 AM",Activity,3299753592
"Apr 15, 2020, 3:42:47 AM",Activity,3300124021
"Apr 15, 2020, 3:43:51 AM",Activity,3294123155
"Apr 15, 2020, 3:44:07 AM",Activity,3295729414
"Apr 15, 2020, 3:45:52 AM",Activity,3297937331
"Apr 15, 2020, 3:46:08 AM",Activity,3300053661
"Apr 15, 2020, 3:47:05 AM",Activity,3295548873
"Apr 15, 2020, 3:47:24 AM",Activity,3290706222
"Apr 15, 2020, 3:47:35 AM",Activity,3290246364
"Apr 15, 2020, 3:47:39 AM",Activity,3299490879
"Apr 19, 2020, 6:21:05 PM",Activity,3318439620
"Apr 19, 2020, 6:24:04 PM",Activity,3311447690
"Apr 19, 2020, 6:25:57 PM",Activity,3316545214
"Apr 25, 2020, 10:25:39 PM",Activity,3352684348
"Apr 25, 2020, 10:25:49 PM",Activity,3353104497
"Apr 25, 2020, 10:25:52 PM",Activity,3352721313
"Apr 25, 2020, 10:26:03 PM",Activity,3352759407
"Apr 25, 2020, 10:26:30 PM",Activity,3352688953
"Apr 25, 2020, 10:26:31 PM",Activity,3352682957
"Apr 25, 2020, 10:26:33 PM",Activity,3352689745
"Apr 25, 2020, 10:26:42 PM",Activity,3352875605
"Apr 25, 2020, 10:26:51 PM",Activity,3353058953
"May 9, 2020, 12:10:32 PM",Activity,3343340722
"May 12, 2020, 4:38:29 PM",Activity,3432573510
"Jul 3, 2020, 5:11:03 PM",Activity,3707471461
"Jul 3, 2020, 5:11:03 PM",Activity,3707693768
"Jul 3, 2020, 5:11:03 PM",Activity,3707608115
"Jul 8, 2020, 1:42:47 AM",Activity,3729467515
"Jul 9, 2020, 11:34:45 AM",Activity,3733151095
"Jul 21, 2020, 9:44:35 AM",Activity,3787073566
"Jul 21, 2020, 9:46:54 AM",Activity,3787264784
"Jul 21, 2020, 9:47:30 AM",Activity,3782989640
"Jul 21, 2020, 9:47:37 AM",Activity,3783092444
"Jul 21, 2020, 9:48:23 AM",Activity,3791593478
"Aug 21, 2020, 12:11:29 PM",Activity,3942572895
"Aug 21, 2020, 12:13:12 PM",Activity,3942584993
"Sep 16, 2020, 6:38:31 PM",Activity,4066326946
"Sep 16, 2020, 6:38:47 PM",Activity,4066230999
"Sep 16, 2020, 6:38:49 PM",Activity,4066311485
"Jan 7, 2021, 1:14:51 PM",Activity,4578839103
